clock;P
1;0.3456
2;0.3456
3;2
4;2
5;0.1234
6;0.123
7;1.265
8;2.23456
9;0.5123
10;0.5123
11;1.56123
12;1.81234
13;3
14;3.1235
15;0.251234
16;0.251233
17;3.312344
18;2.81234
19;3
20;2
21;1.81234
22;1.81234
23;0.31233
24;0.31234
